{"name":"535f6cd2-1d7c-4351-84cc-629347d7a00d","id":"/providers/Microsoft.Flow/flows/535f6cd2-1d7c-4351-84cc-629347d7a00d","type":"Microsoft.Flow/flows","properties":{"apiId":"/providers/Microsoft.PowerApps/apis/shared_logicflows","displayName":"Get excel data - Faster","definition":{"metadata":{"workflowEntityId":null,"creator":{"id":"73ebbe8e-be1f-464d-847a-855598310a7d","type":"User","tenantId":"8158ff72-231e-4400-b397-6dd1ad63f4b6"},"provisioningMethod":"FromDefinition","failureAlertSubscription":true,"clientLastModifiedTime":"2020-05-31T15:50:23.8291521Z"},"$schema":"https://schema.management.azure.com/providers/Microsoft.Logic/schemas/2016-06-01/workflowdefinition.json#","contentVersion":"1.0.0.0","parameters":{"$connections":{"defaultValue":{},"type":"Object"},"$authentication":{"defaultValue":{},"type":"SecureObject"}},"triggers":{"manual":{"type":"Request","kind":"Button","inputs":{"schema":{"type":"object","properties":{},"required":[]}}}},"actions":{"const_columns":{"runAfter":{"Get_rows_present_in_tblWork":["Succeeded"]},"type":"Compose","inputs":["Painting","Gardening work","Plumbing"]},"Apply_to_each_column":{"foreach":"@outputs('const_columns')","actions":{"current_column":{"runAfter":{},"type":"Compose","inputs":"@items('Apply_to_each_column')"},"Filter_non_empty_values":{"runAfter":{"current_column":["Succeeded"]},"type":"Query","inputs":{"from":"@outputs('Get_rows_present_in_tblWork')?['body/value']","where":"@not(equals(item()?[Outputs('current_column')], ''))"},"description":"item()?[Outputs('current_column')]"},"Map_non_empty_values":{"runAfter":{"Filter_non_empty_values":["Succeeded"]},"type":"Select","inputs":{"from":"@body('Filter_non_empty_values')","select":{"House number":"@item()['House number']","Street":"@item()['Street']","City":"@item()['City']"}}}},"runAfter":{"const_columns":["Succeeded"]},"type":"Foreach","runtimeConfiguration":{"concurrency":{"repetitions":10}}},"log_Painting":{"runAfter":{"Apply_to_each_column":["Succeeded"]},"type":"Compose","inputs":{"Painting":"@body('Map_non_empty_values')[0]"},"description":"body('Map_non_empty_values')[0]"},"log_Gardening":{"runAfter":{"log_Painting":["Succeeded"]},"type":"Compose","inputs":{"Gardening":"@body('Map_non_empty_values')[1]"}},"log_Plumbing":{"runAfter":{"log_Gardening":["Succeeded"]},"type":"Compose","inputs":{"Plimbing":"@body('Map_non_empty_values')[2]"}},"Get_rows_present_in_tblWork":{"runAfter":{},"metadata":{"016KXOLQFTECFJGOQCLBH3YCTGPPJK3A5T":"/Work.xlsx","tableId":"{00000000-000C-0000-FFFF-FFFF00000000}"},"type":"OpenApiConnection","inputs":{"host":{"apiId":"/providers/Microsoft.PowerApps/apis/shared_excelonlinebusiness","connectionName":"shared_excelonlinebusiness","operationId":"GetItems"},"parameters":{"source":"groups/e9694230-fc97-49bc-9546-94e5face4392","drive":"b!77xiCfFIYES6qLcobcskmzwrQboalSJDrDcP5jB7WYdgMkIo72YpQoIBU1QIyZrY","file":"016KXOLQFTECFJGOQCLBH3YCTGPPJK3A5T","table":"{00000000-000C-0000-FFFF-FFFF00000000}"},"authentication":{"value":"@json(decodeBase64(triggerOutputs().headers['X-MS-APIM-Tokens']))['$ConnectionKey']","type":"Raw"}},"runtimeConfiguration":{"paginationPolicy":{"minimumItemCount":1500}}}}},"connectionReferences":{"shared_excelonlinebusiness":{"connectionName":"shared-excelonlinebu-24b84ad1-97aa-4b87-93bf-e69cbf98ca9b","source":"Invoker","id":"/providers/Microsoft.PowerApps/apis/shared_excelonlinebusiness","tier":"NotSpecified"}},"flowFailureAlertSubscribed":false}}