{"name":"38a8f778-a655-4564-8ae1-02ac03039ea7","id":"/providers/Microsoft.Flow/flows/38a8f778-a655-4564-8ae1-02ac03039ea7","type":"Microsoft.Flow/flows","properties":{"apiId":"/providers/Microsoft.PowerApps/apis/shared_logicflows","displayName":"Get excel data - fastest","definition":{"metadata":{"workflowEntityId":null,"creator":{"id":"73ebbe8e-be1f-464d-847a-855598310a7d","type":"User","tenantId":"8158ff72-231e-4400-b397-6dd1ad63f4b6"},"provisioningMethod":"FromDefinition","failureAlertSubscription":true,"clientLastModifiedTime":"2020-05-31T22:08:08.2225143Z"},"$schema":"https://schema.management.azure.com/providers/Microsoft.Logic/schemas/2016-06-01/workflowdefinition.json#","contentVersion":"1.0.0.0","parameters":{"$authentication":{"defaultValue":{},"type":"SecureObject"}},"triggers":{"manual":{"type":"Request","kind":"Button","inputs":{"schema":{"type":"object","properties":{},"required":[]}}}},"actions":{"Get_range_from_excel_sheet":{"runAfter":{"column_indices":["Succeeded"]},"type":"Http","inputs":{"method":"GET","uri":"https://graph.microsoft.com/v1.0/me/drive/root:/Work.xlsx:/workbook/worksheets/Sheet1/range(address='A2:F20725')","headers":{"Authorization":"bearer @{body('Get_Access_Token')['access_token']}"}}},"Get_access_token":{"runAfter":{},"type":"Http","inputs":{"method":"POST","uri":"https://login.microsoftonline.com/8def5deb-8489-4338-b313-a715dfb71caa/oauth2/v2.0/token","headers":{"content-type":"application/x-www-form-urlencoded"},"body":"grant_type=password&client_id=acf145ac-16e5-44d9-9663-3224d4e4a96b&client_secret=aaaaaabbbbbcccccc&scope=https%3A%2F%2Fgraph.microsoft.com%2FFiles.ReadWrite&username=svc_flow@yourtenant.onmicrosoft.com&password=svc_flow_password"}},"column_indices":{"runAfter":{"Get_access_token":["Succeeded"]},"type":"Compose","inputs":[{"Name":"Painting","Index":3},{"Name":"Gardening work","Index":4},{"Name":"Plumbing","Index":5}]},"Apply_to_each_column_index_(for_range)":{"foreach":"@outputs('column_indices')","actions":{"Map_non_empty_values":{"runAfter":{"Filter_non_empty_values":["Succeeded"]},"type":"Select","inputs":{"from":"@body('Filter_non_empty_values')","select":{"House number":"@item()[0]","Street":"@item()[1]","City":"@item()[2]"}}},"current_index":{"runAfter":{},"type":"Compose","inputs":"@item()['Index']"},"Filter_non_empty_values":{"runAfter":{"current_index":["Succeeded"]},"type":"Query","inputs":{"from":"@body('Get_range_from_excel_sheet')['values']","where":"@not(equals(item()[outputs('current_index')], ''))"}}},"runAfter":{"Get_range_from_excel_sheet":["Succeeded"]},"type":"Foreach","runtimeConfiguration":{"concurrency":{"repetitions":10}}},"Painting_(range)":{"runAfter":{"Apply_to_each_column_index_(for_range)":["Succeeded"]},"type":"Compose","inputs":{"Painting":"@body('Map_non_empty_values')[0]"}},"Get_rows_from_table":{"runAfter":{"column_indices":["Succeeded"]},"type":"Http","inputs":{"method":"GET","uri":"https://graph.microsoft.com/v1.0/me/drive/root:/Work.xlsx:/workbook/worksheets/Sheet1/tables/tblWork/rows","headers":{"Authorization":"bearer @{body('Get_Access_Token')['access_token']}"}}},"Gardening_(range)":{"runAfter":{"Painting_(range)":["Succeeded"]},"type":"Compose","inputs":{"Gardening":"@body('Map_non_empty_values')[1]"}},"Plumbing_(range)":{"runAfter":{"Gardening_(range)":["Succeeded"]},"type":"Compose","inputs":{"Plumbing":"@body('Map_non_empty_values')[2]"}},"Apply_to_each_column_index_(for_table_rows)":{"foreach":"@outputs('column_indices')","actions":{"get_current_index":{"runAfter":{},"type":"Compose","inputs":"@item()['Index']"},"Map_non_empty_rows":{"runAfter":{"Filter_non_empty_rows":["Succeeded"]},"type":"Select","inputs":{"from":"@body('Filter_non_empty_rows')","select":{"House number":"@item()['values'][0][0]","Street":"@ item()['values'][0][1]","City":"@item()['values'][0][2]"}}},"Filter_non_empty_rows":{"runAfter":{"get_current_index":["Succeeded"]},"type":"Query","inputs":{"from":"@body('Get_rows_from_table')['value']","where":"@not(equals(item()['values'][0][outputs('get_current_index')], ''))"},"description":"item()['values'][0][outputs('get_current_index')]"}},"runAfter":{"Get_rows_from_table":["Succeeded"]},"type":"Foreach","runtimeConfiguration":{"concurrency":{"repetitions":5}}},"Painting_(rows)":{"runAfter":{"Apply_to_each_column_index_(for_table_rows)":["Succeeded"]},"type":"Compose","inputs":{"Painting":"@body('Map_non_empty_rows')[0]"}},"Gardening_(rows)":{"runAfter":{"Painting_(rows)":["Succeeded"]},"type":"Compose","inputs":{"Gardening":"@body('Map_non_empty_rows')[1]"}},"Plumbing_(rows)":{"runAfter":{"Gardening_(rows)":["Succeeded"]},"type":"Compose","inputs":{"Plumbing":"@body('Map_non_empty_rows')[2]"}}}},"connectionReferences":{},"flowFailureAlertSubscribed":false}}